INSERT INTO deficiencia_table (id, tipo_de_deficiencia, url_icone) VALUES(1, 'Física', '/disabilities/fisica.svg');
INSERT INTO deficiencia_table (id, tipo_de_deficiencia, url_icone) VALUES(2, 'Auditiva', '/disabilities/auditiva.svg');
INSERT INTO deficiencia_table (id, tipo_de_deficiencia, url_icone) VALUES(3, 'Visual', '/disabilities/visual.svg');
INSERT INTO deficiencia_table (id, tipo_de_deficiencia, url_icone) VALUES(4, 'Intelectual', '/disabilities/intelectual.svg');
INSERT INTO deficiencia_table (id, tipo_de_deficiencia, url_icone) VALUES(5, 'Autismo', '/disabilities/autismo.svg');
INSERT INTO deficiencia_table (id, tipo_de_deficiencia, url_icone) VALUES(6, 'Idoso 80+', '/disabilities/idoso80.svg');

INSERT INTO endereco_table (id, bairro, cidade, estado) VALUES(1, 'Zona Rural', 'Nova Esperança', 'SP');
INSERT INTO endereco_table (id, bairro, cidade, estado) VALUES(2, 'Jardim Primavera', 'Belo Horizonte', 'MG');
INSERT INTO endereco_table (id, bairro, cidade, estado) VALUES(5, 'Vila das Artes', 'São Paulo', 'SP');
INSERT INTO endereco_table (id, bairro, cidade, estado) VALUES(3, 'Copacabana', 'Rio de Janeiro', 'RJ');
INSERT INTO endereco_table (id, bairro, cidade, estado) VALUES(7, 'Jardim das Árvores', 'Campinas', 'SP');
INSERT INTO endereco_table (id, bairro, cidade, estado) VALUES(8, 'Vila Campestre', 'Belo Horizonte', 'MG');
INSERT INTO endereco_table (id, bairro, cidade, estado) VALUES(4, 'Vila Marítima', 'Rio de Janeiro', 'RJ');
INSERT INTO endereco_table (id, bairro, cidade, estado) VALUES(9, 'Vale Verde', 'Campinas', 'SP');
INSERT INTO endereco_table (id, bairro, cidade, estado) VALUES(10, 'Centro Histórico', 'Rio de Janeiro', 'RJ');
INSERT INTO endereco_table (id, bairro, cidade, estado) VALUES(12, 'Bairro Novo', 'Nova Esperança', 'SP');
INSERT INTO endereco_table (id, bairro, cidade, estado) VALUES(13, 'Floresta Verde', 'Belo Horizonte', 'MG');
INSERT INTO endereco_table (id, bairro, cidade, estado) VALUES(14, 'Ipanema', 'Rio de Janeiro', 'RJ');
INSERT INTO endereco_table (id, bairro, cidade, estado) VALUES(15, 'Jardim Florido', 'Rio de Janeiro', 'RJ');
INSERT INTO endereco_table (id, bairro, cidade, estado) VALUES(16, 'Vila das Belas Artes', 'São Paulo', 'SP');
INSERT INTO endereco_table (id, bairro, cidade, estado) VALUES(17, 'Bairro das Flores', 'São Paulo', 'SP');
INSERT INTO endereco_table (id, bairro, cidade, estado) VALUES(18, 'Jardim da Luz', 'Campinas', 'SP');
INSERT INTO endereco_table (id, bairro, cidade, estado) VALUES(19, 'Vila Caminho Verde', 'Belo Horizonte', 'MG');
INSERT INTO endereco_table (id, bairro, cidade, estado) VALUES(20, 'Vila do Vale', 'Campinas', 'SP');
INSERT INTO endereco_table (id, bairro, cidade, estado) VALUES(21, 'Centro Cultural', 'Rio de Janeiro', 'RJ');
INSERT INTO endereco_table (id, bairro, cidade, estado) VALUES(22, 'Bairro do Sol', 'Campinas', 'SP');
INSERT INTO endereco_table (id, bairro, cidade, estado) VALUES(23, 'Vila das Pedras', 'Belo Horizonte', 'MG');
INSERT INTO endereco_table (id, bairro, cidade, estado) VALUES(24, 'Copacabana Nova', 'Rio de Janeiro', 'RJ');
INSERT INTO endereco_table (id, bairro, cidade, estado) VALUES(25, 'Vila dos Pintores', 'São Paulo', 'SP');
INSERT INTO endereco_table (id, bairro, cidade, estado) VALUES(26, 'Jardim das Rosas', 'São Paulo', 'SP');
INSERT INTO endereco_table (id, bairro, cidade, estado) VALUES(27, 'Bairro das Estrelas', 'Campinas', 'SP');
INSERT INTO endereco_table (id, bairro, cidade, estado) VALUES(28, 'Vila Solitária', 'Belo Horizonte', 'MG');
INSERT INTO endereco_table (id, bairro, cidade, estado) VALUES(29, 'Vale do Sol', 'Campinas', 'SP');
INSERT INTO endereco_table (id, bairro, cidade, estado) VALUES(30, 'Centro Cultural Novo', 'Rio de Janeiro', 'RJ');
INSERT INTO endereco_table (id, bairro, cidade, estado) VALUES(31, 'Bairro das Árvores', 'Nova Esperança', 'SP');
INSERT INTO endereco_table (id, bairro, cidade, estado) VALUES(32, 'Floresta das Flores', 'Belo Horizonte', 'MG');
INSERT INTO endereco_table (id, bairro, cidade, estado) VALUES(33, 'Jardim das Montanhas', 'Rio de Janeiro', 'RJ');
INSERT INTO endereco_table (id, bairro, cidade, estado) VALUES(6, 'Vila Madalena', 'São Paulo', 'SP');

INSERT INTO usuario_table (id, email, papel, senha) VALUES(2, 'contato@fazendaharmonia.com.br', 'PROPRIETARIO', '$2a$10$nwfGgvrN9azzrl9pGDKdreN58IrQJ4FBc.OUi9e.wtrQMcq8r7eQO');
INSERT INTO usuario_table (id, email, papel, senha) VALUES(3, 'ana.silva@email.com', 'PCD', '$2a$10$Y2foAV6j3vM2UeXwJcluceb5T6FMvSJVvG9TtrNiw4woCx2nvfNrG');
INSERT INTO usuario_table (id, email, papel, senha) VALUES(4, 'contato@paoeprosa.com.br', 'PROPRIETARIO', '$2a$10$ZWr2FS95uvaoIhogE.C5U.BDsz34a6YJSg8w2O2kylh6mt2OIT4Pm');
INSERT INTO usuario_table (id, email, papel, senha) VALUES(5, 'contato@saboresdointerior.com.br', 'PROPRIETARIO', '$2a$10$KKOuMXufaAAzj6NJvYtax.w8qrvuHmK3XZpf9uNkr2H.UR6Kp7PgK');
INSERT INTO usuario_table (id, email, papel, senha) VALUES(6, 'contato@parquedosipes.com', 'PROPRIETARIO', '$2a$10$2XkBiDo/J3XFSbZflXJX7ubC1zF1mB7ntnsJrQQtNAy6.nOgUfz3i');
INSERT INTO usuario_table (id, email, papel, senha) VALUES(7, 'contato@ranchodovojao.com', 'PROPRIETARIO', '$2a$10$DLZ9yBds32FvSOtVzu9dKeLzZ1EohVtdVbi9c9ZoGYctFhSlaUL9G');
INSERT INTO usuario_table (id, email, papel, senha) VALUES(8, 'contato@splashparqueaquatico.com', 'PROPRIETARIO', '$2a$10$AwXiavGeCfklsK7kD0Pgaurk5IPq7kIUKVso4ps9vvZ3TvW5FlMEy');
INSERT INTO usuario_table (id, email, papel, senha) VALUES(9, 'contato@fazendadovale.com', 'PROPRIETARIO', '$2a$10$CLlzvj6LTFiM18FgVFxcquqITIUxdZlnzGc8ZMV4igFLIpIEh2VI6');
INSERT INTO usuario_table (id, email, papel, senha) VALUES(10, 'contato@espacoatlantico.com', 'PROPRIETARIO', '$2a$10$qztHSU8370xL8ISObvb2UODJrE7OFfA8VpFs7.1CZ.l7e6MkS05.S');
INSERT INTO usuario_table (id, email, papel, senha) VALUES(11, 'maria.oliveira@email.com', 'PCD', '$2a$10$gVUU7dJUh/hmKkGkHHgwqeu2nSyF/N39TMNcNnfIq4n6qUjnz5A3K');
INSERT INTO usuario_table (id, email, papel, senha) VALUES(12, 'pedro.rocha@email.com', 'PCD', '$2a$10$tL9V.RdLqQh55afsoup1..Ws3ir3oYcAmYvDhDUU2AhAZ7f6Bobr.');
INSERT INTO usuario_table (id, email, papel, senha) VALUES(13, 'carlos.mendes@email.com', 'PCD', '$2a$10$Bf.u0SKEUuLKRj.GB4kmee3Wx7arvSfF4MGh.RgsuVNl6bJduZ/eK');
INSERT INTO usuario_table (id, email, papel, senha) VALUES(14, 'paulo.henrique@email.com', 'PCD', '$2a$10$B/XyjfEsK2QFfupbzgGWDOCYNADenhl1ZpFNtjqUIMU/s35MLIIJy');

INSERT INTO proprietario_table (id, descricao, logradouro, nome_estabelecimento, telefone, url_icone, endereco_id, usuarios_id) VALUES(1, 'A Fazenda Harmonia é um lugar onde pessoas com e sem deficiência podem desfrutar de um ambiente rural acolhedor e inclusivo. Com infraestrutura adaptada e equipe especializada, a fazenda oferece atividades e experiências diversas, como passeios a cavalo, trilhas, jardinagem e artesanato. O objetivo é promover a integração e a igualdade de oportunidades entre todos os visitantes, em um ambiente tranquilo e cheio de harmonia.', 'Estrada da Paz, S/N', 'Fazenda Harmonia', '(11) 1234-5678', '/companies/1/1.png', 1, 2);
INSERT INTO proprietario_table (id, descricao, logradouro, nome_estabelecimento, telefone, url_icone, endereco_id, usuarios_id) VALUES(2, 'A cafeteria Pão e Prosa é um ambiente acolhedor e inclusivo, pensado para receber pessoas de todas as habilidades e necessidades. Com cardápio variado, que inclui opções sem glúten e sem lactose, e ambiente acessível, a cafeteria busca proporcionar uma experiência agradável para todos os clientes. Além disso, a Pão e Prosa valoriza a diversidade e a inclusão, buscando promover um ambiente de convivência harmônica e respeitosa.', 'Rua dos Poetas, 123', 'Pão e Prosa', '(11) 5555-5555', '/companies/2/1.png', 5, 4);
INSERT INTO proprietario_table (id, descricao, logradouro, nome_estabelecimento, telefone, url_icone, endereco_id, usuarios_id) VALUES(3, '"Sabores do Interior" é um restaurante acolhedor no bairro de Copacabana, Rio de Janeiro. Oferecemos acessibilidade física para facilitar o acesso de todos os clientes. Além disso, disponibilizamos cardápios em braile para clientes com deficiência visual e um sistema de som adaptado para atender às necessidades de pessoas com deficiência auditiva.

Nossa equipe está treinada para oferecer um serviço atencioso e compreensivo, garantindo que todos os clientes se sintam bem-vindos e confortáveis durante a visita. Nosso objetivo é proporcionar experiências gastronômicas memoráveis e inclusivas para todos. Sejam bem-vindos ao "Sabores do Interior"!', 'Rua das Delícias, 123', 'Sabores do Interior', '(21) 9876-5432', '/companies/3/1.png', 3, 5);
INSERT INTO proprietario_table (id, descricao, logradouro, nome_estabelecimento, telefone, url_icone, endereco_id, usuarios_id) VALUES(4, '"Parque dos Ipês" é um espaço encantador e inclusivo em Campinas, São Paulo. Proporcionamos momentos memoráveis para todos os visitantes. O parque é totalmente acessível, com recursos para deficientes visuais e áreas adequadas para idosos com 80 anos ou mais. Desfrute da beleza natural e da alegria em nosso parque! Venha nos visitar e aproveitar a tranquilidade e diversão em meio aos ipês!', 'Avenida das Flores, 456', 'Parque dos Ipês', '(19) 8765-4321', '/companies/4/1.png', 7, 6);
INSERT INTO proprietario_table (id, descricao, logradouro, nome_estabelecimento, telefone, url_icone, endereco_id, usuarios_id) VALUES(5, 'O "Rancho do Vô João" é um encantador refúgio em Belo Horizonte, MG. Nosso estabelecimento é totalmente acessível, oferecendo recursos para deficientes visuais e áreas adequadas para idosos com 80 anos ou mais. Desfrute de momentos especiais com a família e amigos em meio à tranquilidade do nosso rancho acolhedor! Venha nos visitar e compartilhar experiências memoráveis!', 'Estrada do Sertão, Km 10', 'Rancho do Vô João', '(31) 9876-5432', '/companies/5/1.png', 8, 7);
INSERT INTO proprietario_table (id, descricao, logradouro, nome_estabelecimento, telefone, url_icone, endereco_id, usuarios_id) VALUES(6, 'O "Parque Aquático Splash" é o local perfeito para diversão em família e amigos no Rio de Janeiro, RJ. Nossa estrutura é totalmente acessível, com recursos para proporcionar uma experiência inclusiva. Desfrute de um dia refrescante e repleto de emoção em nosso parque aquático acolhedor! Venha se divertir e criar lembranças inesquecíveis!', 'Avenida das Águas, 123', 'Parque Aquático Splash', '(21) 9876-5432', '/companies/6/1.png', 4, 8);
INSERT INTO proprietario_table (id, descricao, logradouro, nome_estabelecimento, telefone, url_icone, endereco_id, usuarios_id) VALUES(7, 'A "Fazenda do Vale" é um refúgio encantador em Campinas, SP. Nosso estabelecimento é totalmente acessível, oferecendo recursos para tornar a experiência inclusiva para pessoas de todas as idades. Desfrute de momentos especiais com a família e amigos em meio à natureza exuberante e acolhedora da nossa fazenda! Venha nos visitar e criar memórias inesquecíveis!', 'Estrada Rural, Km 20', 'Fazenda do Vale', '(19) 8765-4321', '/companies/7/1.png', 9, 9);
INSERT INTO proprietario_table (id, descricao, logradouro, nome_estabelecimento, telefone, url_icone, endereco_id, usuarios_id) VALUES(8, 'O "Espaço Cultural Atlântico" é um lugar único no coração do Centro Histórico do Rio de Janeiro, RJ. Nosso espaço é totalmente acessível, oferecendo recursos para tornar a experiência inclusiva e enriquecedora para todas as pessoas. Desfrute de eventos culturais diversos, exposições e apresentações em um ambiente acolhedor e inspirador. Venha nos visitar e explorar a riqueza cultural do nosso espaço!', 'Avenida dos Artistas, 789', 'Espaço Cultural Atlântico', '(21) 9876-5432', '/companies/8/1.png', 10, 10);

INSERT INTO proprietario_deficiencias_table (proprietario_id, deficiencias_id) VALUES(1, 1);
INSERT INTO proprietario_deficiencias_table (proprietario_id, deficiencias_id) VALUES(1, 2);
INSERT INTO proprietario_deficiencias_table (proprietario_id, deficiencias_id) VALUES(1, 3);
INSERT INTO proprietario_deficiencias_table (proprietario_id, deficiencias_id) VALUES(1, 4);
INSERT INTO proprietario_deficiencias_table (proprietario_id, deficiencias_id) VALUES(1, 5);
INSERT INTO proprietario_deficiencias_table (proprietario_id, deficiencias_id) VALUES(1, 6);
INSERT INTO proprietario_deficiencias_table (proprietario_id, deficiencias_id) VALUES(2, 1);
INSERT INTO proprietario_deficiencias_table (proprietario_id, deficiencias_id) VALUES(2, 3);
INSERT INTO proprietario_deficiencias_table (proprietario_id, deficiencias_id) VALUES(2, 2);
INSERT INTO proprietario_deficiencias_table (proprietario_id, deficiencias_id) VALUES(2, 6);
INSERT INTO proprietario_deficiencias_table (proprietario_id, deficiencias_id) VALUES(3, 1);
INSERT INTO proprietario_deficiencias_table (proprietario_id, deficiencias_id) VALUES(3, 2);
INSERT INTO proprietario_deficiencias_table (proprietario_id, deficiencias_id) VALUES(3, 3);
INSERT INTO proprietario_deficiencias_table (proprietario_id, deficiencias_id) VALUES(4, 1);
INSERT INTO proprietario_deficiencias_table (proprietario_id, deficiencias_id) VALUES(4, 3);
INSERT INTO proprietario_deficiencias_table (proprietario_id, deficiencias_id) VALUES(4, 6);
INSERT INTO proprietario_deficiencias_table (proprietario_id, deficiencias_id) VALUES(5, 1);
INSERT INTO proprietario_deficiencias_table (proprietario_id, deficiencias_id) VALUES(5, 3);
INSERT INTO proprietario_deficiencias_table (proprietario_id, deficiencias_id) VALUES(5, 6);
INSERT INTO proprietario_deficiencias_table (proprietario_id, deficiencias_id) VALUES(6, 1);
INSERT INTO proprietario_deficiencias_table (proprietario_id, deficiencias_id) VALUES(6, 2);
INSERT INTO proprietario_deficiencias_table (proprietario_id, deficiencias_id) VALUES(6, 4);
INSERT INTO proprietario_deficiencias_table (proprietario_id, deficiencias_id) VALUES(7, 1);
INSERT INTO proprietario_deficiencias_table (proprietario_id, deficiencias_id) VALUES(7, 3);
INSERT INTO proprietario_deficiencias_table (proprietario_id, deficiencias_id) VALUES(7, 6);
INSERT INTO proprietario_deficiencias_table (proprietario_id, deficiencias_id) VALUES(7, 5);
INSERT INTO proprietario_deficiencias_table (proprietario_id, deficiencias_id) VALUES(8, 1);
INSERT INTO proprietario_deficiencias_table (proprietario_id, deficiencias_id) VALUES(8, 2);
INSERT INTO proprietario_deficiencias_table (proprietario_id, deficiencias_id) VALUES(8, 3);
INSERT INTO proprietario_deficiencias_table (proprietario_id, deficiencias_id) VALUES(8, 4);

INSERT INTO imagem_table (id, url, proprietario_id) VALUES(1, '/companies/2/1.png', 2);
INSERT INTO imagem_table (id, url, proprietario_id) VALUES(2, '/companies/2/2.png', 2);
INSERT INTO imagem_table (id, url, proprietario_id) VALUES(3, '/companies/2/3.png', 2);
INSERT INTO imagem_table (id, url, proprietario_id) VALUES(4, '/companies/2/4.png', 2);
INSERT INTO imagem_table (id, url, proprietario_id) VALUES(5, '/companies/1/1.png', 1);
INSERT INTO imagem_table (id, url, proprietario_id) VALUES(6, '/companies/3/1.png', 3);
INSERT INTO imagem_table (id, url, proprietario_id) VALUES(7, '/companies/4/1.png', 4);
INSERT INTO imagem_table (id, url, proprietario_id) VALUES(8, '/companies/5/1.png', 5);
INSERT INTO imagem_table (id, url, proprietario_id) VALUES(9, '/companies/6/1.png', 6);
INSERT INTO imagem_table (id, url, proprietario_id) VALUES(10, '/companies/7/1.png', 7);
INSERT INTO imagem_table (id, url, proprietario_id) VALUES(11, '/companies/8/1.png', 8);

INSERT INTO pcd_table (id, nome, endereco_id, usuarios_id) VALUES(2, 'Ana Silva', 2, 3);
INSERT INTO pcd_table (id, nome, endereco_id, usuarios_id) VALUES(3, 'Maria Oliveira', 6, 11);
INSERT INTO pcd_table (id, nome, endereco_id, usuarios_id) VALUES(4, 'Pedro Rocha', 21, 12);
INSERT INTO pcd_table (id, nome, endereco_id, usuarios_id) VALUES(5, 'Carlos Mendes', 14, 13);
INSERT INTO pcd_table (id, nome, endereco_id, usuarios_id) VALUES(6, 'Paulo Henrique', 19, 14);

INSERT INTO pcd_deficiencias_table (pcd_id, deficiencias_id) VALUES(2, 1);
INSERT INTO pcd_deficiencias_table (pcd_id, deficiencias_id) VALUES(2, 2);
INSERT INTO pcd_deficiencias_table (pcd_id, deficiencias_id) VALUES(3, 3);
INSERT INTO pcd_deficiencias_table (pcd_id, deficiencias_id) VALUES(4, 1);
INSERT INTO pcd_deficiencias_table (pcd_id, deficiencias_id) VALUES(5, 3);
INSERT INTO pcd_deficiencias_table (pcd_id, deficiencias_id) VALUES(5, 6);
INSERT INTO pcd_deficiencias_table (pcd_id, deficiencias_id) VALUES(6, 3);

INSERT INTO pcd_favoritos_table (fav_pcd_id, fav_proprietario_id) VALUES(2, 4);
INSERT INTO pcd_favoritos_table (fav_pcd_id, fav_proprietario_id) VALUES(2, 5);
INSERT INTO pcd_favoritos_table (fav_pcd_id, fav_proprietario_id) VALUES(2, 2);
INSERT INTO pcd_favoritos_table (fav_pcd_id, fav_proprietario_id) VALUES(2, 3);
INSERT INTO pcd_favoritos_table (fav_pcd_id, fav_proprietario_id) VALUES(2, 6);
INSERT INTO pcd_favoritos_table (fav_pcd_id, fav_proprietario_id) VALUES(3, 2);
INSERT INTO pcd_favoritos_table (fav_pcd_id, fav_proprietario_id) VALUES(4, 1);

INSERT INTO comentario_table (id, avaliacao, comentario, pcd_id, proprietario_id) VALUES(2, 4.00, ' A Pão e Prosa é um lugar super aconchegante, com uma decoração rústica que cria um ambiente convidativo para todos. Gostei especialmente da disponibilidade de rampas e corrimões para pessoas com mobilidade reduzida, o que mostra que eles se preocupam com a acessibilidade. A única coisa que poderia ser melhor é o tamanho da fonte no cardápio, que é um pouco pequena para quem tem dificuldades visuais.', 2, 2);
INSERT INTO comentario_table (id, avaliacao, comentario, pcd_id, proprietario_id) VALUES(3, 5.00, 'Sou apaixonada por essa cafeteria! Além de um ambiente charmoso, eles possuem cardápio com opções veganas e sem glúten, que é ótimo para quem tem restrições alimentares. Eu também gostei da sinalização em braile nos cardápios, o que torna o lugar ainda mais inclusivo.', 3, 2);
INSERT INTO comentario_table (id, avaliacao, comentario, pcd_id, proprietario_id) VALUES(4, 3.00, 'A Pão e Prosa tem um café delicioso, mas senti falta de mais opções de cadeiras e mesas acessíveis para cadeirantes. No entanto, fiquei feliz em ver que eles possuem um banheiro acessível, que é um item básico de acessibilidade que muitos lugares ignoram.', 4, 2);
INSERT INTO comentario_table (id, avaliacao, comentario, pcd_id, proprietario_id) VALUES(5, 4.00, 'Eu tive uma experiência incrível no hotel. O spa era maravilhoso, a comida era deliciosa, e a vista do meu quarto era de tirar o fôlego. Eu definitivamente recomendaria este hotel para qualquer um', 5, 1);
INSERT INTO comentario_table (id, avaliacao, comentario, pcd_id, proprietario_id) VALUES(6, 2.00, 'Eu não recomendaria este hotel a ninguém. O serviço foi terrível, o quarto estava sujo e cheirava mal, e a localização não era conveniente para as atividades que eu queria fazer.', 6, 1);
INSERT INTO comentario_table (id, avaliacao, comentario, pcd_id, proprietario_id) VALUES(7, 5.00, '"Eu amei ficar neste hotel! A equipe foi extremamente prestativa e amigável desde o momento em que cheguei até o momento em que parti. Eles sempre foram rápidos em responder às minhas perguntas e me ajudaram a reservar excursões e passeios pela cidade. ', 4, 1);

INSERT INTO comentario_deficiencias_table (comentario_id, deficiencias_id) VALUES(2, 4);
INSERT INTO comentario_deficiencias_table (comentario_id, deficiencias_id) VALUES(3, 2);
INSERT INTO comentario_deficiencias_table (comentario_id, deficiencias_id) VALUES(4, 1);
INSERT INTO comentario_deficiencias_table (comentario_id, deficiencias_id) VALUES(5, 2);
INSERT INTO comentario_deficiencias_table (comentario_id, deficiencias_id) VALUES(5, 4);
INSERT INTO comentario_deficiencias_table (comentario_id, deficiencias_id) VALUES(6, 2);
INSERT INTO comentario_deficiencias_table (comentario_id, deficiencias_id) VALUES(7, 1);


